<application>
  <component name="ProjectJdkTable">
    <jdk version="2">
      <name value="Python 3.7 (helloworld)" />
      <type value="Python SDK" />
      <version value="Python 3.7.3" />
      <homePath value="$USER_HOME$/PycharmProjects/helloworld/venv/bin/python" />
      <roots>
        <classPath>
          <root type="composite">
            <root url="file:///usr/lib/python3.7" type="simple" />
            <root url="file:///usr/lib/python3.7/lib-dynload" type="simple" />
            <root url="file://$USER_HOME$/PycharmProjects/helloworld/venv/lib/python3.7/site-packages" type="simple" />
            <root url="jar://$USER_HOME$/PycharmProjects/helloworld/venv/lib/python3.7/site-packages/setuptools-39.1.0-py3.7.egg!/" type="simple" />
            <root url="file://$USER_HOME$/PycharmProjects/helloworld/venv/lib/python3.7/site-packages/pip-10.0.1-py3.7.egg" type="simple" />
            <root url="file://$USER_HOME$/.PyCharmCE2018.3/system/python_stubs/2094724297" type="simple" />
            <root url="file://$APPLICATION_HOME_DIR$/helpers/python-skeletons" type="simple" />
            <root url="file://$APPLICATION_HOME_DIR$/helpers/typeshed/stdlib/3" type="simple" />
            <root url="file://$APPLICATION_HOME_DIR$/helpers/typeshed/stdlib/2and3" type="simple" />
            <root url="file://$APPLICATION_HOME_DIR$/helpers/typeshed/third_party/3" type="simple" />
            <root url="file://$APPLICATION_HOME_DIR$/helpers/typeshed/third_party/2and3" type="simple" />
          </root>
        </classPath>
        <sourcePath>
          <root type="composite" />
        </sourcePath>
      </roots>
      <additional ASSOCIATED_PROJECT_PATH="$USER_HOME$/PycharmProjects/helloworld" />
    </jdk>
  </component>
</application>